trial,host,wave,arch,params,killy,gamma,batch,lr,K,stage1,stage3,n_lat,d_lat,d_tok,hidden,n_metrics,n_evals,env_steps,grad_steps,env_sps,grad_sps,q_mean,loss,grad_norm,eval_first,eval_last,eval_best,eval_last_env_steps,moves_last,maxfruit_max,eval_best_env_steps,wall_h
plaindqn_g7,a100_perm,wave1_20260928,mlp,2511489,,0.995,8192,0.0003,128,,,,,,"[1024, 1024]",5325,96,51001268,99610,1529.4827586207016,3.0303030303028633,987.9066899558471,4.2217002058128505,8.790395736694336,36.75,1315.1875,1465.0,50383073,146.6875,10,47205950,8.84
w3b_mlp_deep,a100_perm,wave3b_20260928,mlp,13417601,,1.0,65536,0.0006,128,,,,,,"[2048, 2048, 2048]",18587,297,2558404423,262957,26021.92307693764,2.6923076923091993,1138.6540270930204,0.4917075801702228,0.1484750211238861,1337.5,2078.625,2494.625,2556586498,205.3125,10,2267201276,26.96
w3b_tf_deep,a100_t1,wave3b_20260928,settf,8214594,,1.0,65536,0.0006,128,2,8,32,256,128,"[1024, 1024]",921,51,241027700,10921,12057.857142856661,0.05434782608695491,481.973491206566,2.416434018828483,27.137754440307617,1336.3125,2007.6875,2273.0,238927477,198.4375,10,168641909,4.73
w3c_tf_xl,a100_t1,wave3c_20260929,settf,55883074,,1.0,32768,0.00045,128,2,16,64,512,128,"[1024, 1024]",4977,222,606518788,4917,8333.310344827587,0.06756756756757089,334.64278429550035,0.29600994392950053,0.7212414741516113,279.0,2136.3125,2399.0,605971396,209.5,10,448819368,21.12
w4_qwen_text,a100_perm,wave4_20260928,qwen,,,1.0,1024,0.0003,128,,,,,,,1834,9,8382093,1834,111.3368983957203,0.026246719160100976,112.47038421580952,7.516802555468649,1.5603257417678833,723.9375,918.0625,1104.25,8213325,117.625,9,7295939,17.65
w4_k200_scratch,a100_t1_3,wave4_20260929,settf,55883074,,1.0,32768,0.00045,128,2,16,64,512,128,"[1024, 1024]",1097,51,96306555,1097,6071.678321678341,0.0694444444444462,64.38819068847984,0.7987913687717091,2.3724570274353027,254.6875,1059.1875,1067.875,95609896,122.5,9,89729315,4.4
w5_var,a100_t1_2,wave5_20260929,settf,55886018,,1.0,32768,0.0002,128,2,16,64,512,128,"[1024, 1024]",6026,116,641672880,6026,8494.920634921617,0.08,715.7702414022522,0.8215599762080851,448.3447570800781,1387.25,394.8611111111111,1915.9722222222222,637025516,62.02777777777778,10,80718074,20.79
w6s_h720,a100_t1_2,wave6_20260930,settf,55886018,,1.0,16384,0.00045,128,2,16,64,512,128,"[1024, 1024]",13024,156,1181644673,12771,12891.159420287137,0.14285714285714285,336.65414773214695,0.16770054701611034,0.4403751492500305,808.4166666666666,6898.75,6898.75,1179174691,623.9166666666666,10,1179174691,28.39
w6d_h720,a100_t1_2,wave6_20260930,settf,55886018,,1.0,16384,0.00045,128,2,16,64,512,128,"[1024, 1024]",1104,11,1224148512,15998,6330.793650793468,0.5,423.17935276883884,0.29852632604775686,2.3855834007263184,5491.0,5442.5,5853.416666666667,1221468664,500.3333333333333,10,1204409181,1.9
w6s_var,a100_t1_3,wave6_20260930,settf,55886018,,1.0,16384,0.00045,128,2,16,64,512,128,"[1024, 1024]",16203,153,1106102590,16000,9865.937499997757,0.1492537313433484,424.03579126824917,0.16207947980988982,0.34197166562080383,813.5277777777778,4896.361111111111,5799.944444444444,1100439152,447.1388888888889,10,1019075481,32.28
w6_h720_fixed,a100_t1_3,wave6_20260930,settf,55886018,,1.0,32768,0.0002,128,2,16,64,512,128,"[1024, 1024]",6896,243,586011952,6828,6718.437500002291,0.08,450.1269787390885,0.7938504715309859,1.03193199634552,3239.3333333333335,4645.416666666667,6105.666666666667,585872778,432.5833333333333,10,368067823,24.29
w6c_h720,a100_t1_2,wave6_20260930,settf,55886018,,1.0,16384,0.00045,128,2,16,64,512,128,"[1024, 1024]",4791,43,1489180246,14380,9461.551724137635,0.526315789473617,779.6990525457198,0.2510427931747703,1.2423466444015503,5536.0,4637.166666666667,6541.333333333333,1483709927,433.0833333333333,10,1437951112,7.58
w6c_var,a100_t1_3,wave6_20260930,settf,55886018,,1.0,16384,0.00045,128,2,16,64,512,128,"[1024, 1024]",4525,36,1252422008,13526,5189.152542371601,0.49180327868864193,736.4120253623655,0.40065169034695103,1.7267887592315674,4408.111111111111,4552.277777777777,4860.777777777777,1248190151,419.6666666666667,10,1129731770,7.5
w6s_h720_n5,a100_t1_2,wave6_20260930,settf,55886018,,1.0,16384,0.00045,128,2,16,64,512,128,"[1024, 1024]",1738,17,76782998,1738,6481.692307692308,0.1515151515151536,377.8377256699012,1.4472023216473064,8.176054000854492,5714.166666666667,3797.1666666666665,6300.083333333333,75265333,361.5,10,21115693,3.16
w6s_m720,a100_perm,wave6_20260930,mlp,13417601,,1.0,32768,0.0004,128,,,,,,"[2048, 2048, 2048]",18703,161,2097722998,199990,21235.660377361404,1.9607843137260497,750.4544149842943,0.2069680473095519,0.0688437819480896,1350.75,2581.6666666666665,2923.6666666666665,2090902403,264.8333333333333,10,1773268437,31.38
w6c_m720,a100_perm,wave6_20260930,mlp,13417601,,1.0,32768,0.0004,128,,,,,,"[2048, 2048, 2048]",5446,47,2532896647,75043,15510.196078435798,2.6923076923077867,805.3246769146004,0.20005941518355444,0.15830571949481964,2477.25,2520.4166666666665,2932.5833333333335,2531385667,258.4166666666667,10,2117368983,7.72
w6_max_fixed,a100_t1_2,wave6_20260930,settf,55886018,,1.0,32768,0.0002,128,2,16,64,512,128,"[1024, 1024]",2229,44,198465817,2229,6857.596899224032,0.08,371.68431386287034,1.7831215337799118,41.981964111328125,4255.25,2494.8333333333335,7912.833333333333,197900380,265.4166666666667,10,57482163,8.01
w6s_mvar,a100_t1,wave6_20260930,mlp,13423745,,1.0,32768,0.0004,128,,,,,,"[2048, 2048, 2048]",18907,153,2306127977,199992,22981.48148149077,1.960784313724651,683.0588214195826,0.18181704273397928,1.1124086380004883,1068.888888888889,2243.0555555555557,2489.5,2298969107,228.13888888888889,10,2158885928,31.53
w6c_mvar,a100_t1,wave6_20260930,mlp,13423745,,1.0,32768,0.0004,128,,,,,,"[2048, 2048, 2048]",5346,43,2963865915,67258,23518.461538460306,2.407407407407164,727.4213562618143,0.29423078442851675,0.08371400833129883,2231.75,2226.3611111111113,2453.472222222222,2954398405,226.97222222222223,10,2352612635,7.65
w6_var_xl,360-2,wave6_20260930,settf,81113282,,1.0,32768,0.0002,128,2,24,64,512,128,"[1024, 1024]",2793,42,268179786,2427,10507.663551401825,0.09523809523809523,293.8526788136744,1.6368373320143277,15.616568565368652,3272.527777777778,1716.5833333333333,3867.3333333333335,265388129,189.22222222222223,10,65505432,8.17
w6_var,a100_t1_2,wave6_20260930,settf,55886018,,1.0,32768,0.0002,128,2,16,64,512,128,"[1024, 1024]",4592,141,391252761,4501,6711.2,0.07936507936508853,471.9074825984358,5.627897881273569,843.8670043945312,3230.1666666666665,818.4722222222222,3877.3888888888887,389052605,108.05555555555556,10,84998208,16.24
