run,board,bin_start_env_steps,median_env_steps,median_loss,n_metric_records
w6s_h720,448x720,0,4257376.5,8.001557056978715,120
w6s_h720,448x720,10000000,14982644.5,3.4741578535985704,106
w6s_h720,448x720,20000000,25003081.0,2.0466085726386343,105
w6s_h720,448x720,30000000,34960822.0,1.5055948428969055,105
w6s_h720,448x720,40000000,45731053.0,1.3019516134922007,121
w6s_h720,448x720,50000000,52777877.0,4.589306762111918,93
w6s_h720,448x720,60000000,64661550.0,3.3034492870489522,69
w6s_h720,448x720,70000000,75488289.5,2.3463296931067235,82
w6s_h720,448x720,80000000,85012072.0,4.74751703875618,73
w6s_h720,448x720,90000000,94886866.0,2.898630581523425,65
w6s_h720,448x720,100000000,107078607.0,2.2891543584537173,94
w6s_h720,448x720,110000000,114975039.0,3.3416522659239973,118
w6s_h720,448x720,120000000,124949936.5,1.7501741983707761,118
w6s_h720,448x720,130000000,134909264.5,1.2036804135203918,116
w6s_h720,448x720,140000000,144886235.5,1.0227100918545777,116
w6s_h720,448x720,150000000,155068299.0,0.926666792447788,115
w6s_h720,448x720,160000000,164990246.5,0.8877169569849996,110
w6s_h720,448x720,170000000,174891343.0,0.8367242194898734,111
w6s_h720,448x720,180000000,184899873.5,0.8016322110467948,110
w6s_h720,448x720,190000000,195080039.5,0.7780734055317904,108
w6s_h720,448x720,200000000,205082851.5,0.7856156376189423,106
w6s_h720,448x720,210000000,215113815.0,0.7730369970345911,107
w6s_h720,448x720,220000000,225064373.0,0.7583500751385599,104
w6s_h720,448x720,230000000,234968060.5,0.7475874018203531,104
w6s_h720,448x720,240000000,244816266.5,0.7276129780646836,104
w6s_h720,448x720,250000000,254818124.0,0.7170665503651699,104
w6s_h720,448x720,260000000,265113455.0,0.7146854069284131,104
w6s_h720,448x720,270000000,275139837.0,0.6984391145829236,103
w6s_h720,448x720,280000000,285158142.0,0.6856731293252127,102
w6s_h720,448x720,290000000,295101791.0,0.6633114420573625,101
w6s_h720,448x720,300000000,305110364.0,0.6377926602243902,101
w6s_h720,448x720,310000000,314936708.5,0.6231533064651121,98
w6s_h720,448x720,320000000,324789127.0,0.5952838515837944,101
w6s_h720,448x720,330000000,334763135.0,0.5800425424958844,101
w6s_h720,448x720,340000000,344834975.0,0.5637899879627918,101
w6s_h720,448x720,350000000,354788890.0,0.5596778443291929,101
w6s_h720,448x720,360000000,364821134.5,0.5429853271417213,100
w6s_h720,448x720,370000000,374915740.0,0.5338752824227959,99
w6s_h720,448x720,380000000,385086518.0,0.5241144237860306,99
w6s_h720,448x720,390000000,395155931.5,0.5247482652385289,98
w6s_h720,448x720,400000000,405162729.0,0.49827387166253556,100
w6s_h720,448x720,410000000,415213410.5,0.4828995410655536,98
w6s_h720,448x720,420000000,425122580.5,0.472275515081915,98
w6s_h720,448x720,430000000,435210939.0,0.46424339806694426,98
w6s_h720,448x720,440000000,445168825.0,0.44286360426912913,98
w6s_h720,448x720,450000000,455177134.5,0.4206534203305028,98
w6s_h720,448x720,460000000,465022439.0,0.42013880090108024,95
w6s_h720,448x720,470000000,474906635.0,0.4086029901421544,98
w6s_h720,448x720,480000000,484860794.0,0.4019904412033759,97
w6s_h720,448x720,490000000,494870676.5,0.3849868955877314,98
w6s_h720,448x720,500000000,504891156.0,0.3731449084365388,97
w6s_h720,448x720,510000000,514784834.5,0.3662544929194944,98
w6s_h720,448x720,520000000,524834888.0,0.36183513476664086,97
w6s_h720,448x720,530000000,534794241.0,0.34622823100562,97
w6s_h720,448x720,540000000,544803504.0,0.3440824337729634,99
w6s_h720,448x720,550000000,554823702.0,0.33850122771419944,98
w6s_h720,448x720,560000000,564927345.0,0.32594659884974364,97
w6s_h720,448x720,570000000,575012850.0,0.3143059950291949,97
w6s_h720,448x720,580000000,585173278.5,0.30291808590784786,98
w6s_h720,448x720,590000000,595236819.0,0.2990920083585121,97
w6s_h720,448x720,600000000,605231730.0,0.28820185080462024,97
w6s_h720,448x720,610000000,615246167.0,0.2854279437713089,99
w6s_h720,448x720,620000000,625255053.0,0.2849489356272406,97
w6s_h720,448x720,630000000,635192426.0,0.27383954302362945,98
w6s_h720,448x720,640000000,645168602.5,0.2593510270717092,96
w6s_h720,448x720,650000000,655089344.0,0.25978900919796977,97
w6s_h720,448x720,660000000,665212602.0,0.2549497467217525,99
w6s_h720,448x720,670000000,675203659.0,0.24372598957014308,97
w6s_h720,448x720,680000000,685174484.5,0.23706358145970566,96
w6s_h720,448x720,690000000,695002928.0,0.2364197768344991,96
w6s_h720,448x720,700000000,704918375.0,0.23533731810480168,96
w6s_h720,448x720,710000000,714909220.5,0.23110919657181223,96
w6s_h720,448x720,720000000,724786927.5,0.22596825026265602,96
w6s_h720,448x720,730000000,734815884.5,0.22094670589805648,98
w6s_h720,448x720,740000000,744748877.0,0.21813703883284785,96
w6s_h720,448x720,750000000,754742827.5,0.20549347972692333,98
w6s_h720,448x720,760000000,764785109.0,0.20320751688103864,97
w6s_h720,448x720,770000000,774809216.0,0.20166683894717796,97
w6s_h720,448x720,780000000,783541088.0,3.2628180453010156,155
w6s_h720,448x720,790000000,795009092.5,1.5582626864463296,104
w6s_h720,448x720,800000000,805081594.0,0.6685865569415517,103
w6s_h720,448x720,810000000,815048985.5,0.3556358094611061,102
w6s_h720,448x720,820000000,824991171.0,0.24340972995144297,103
w6s_h720,448x720,830000000,836059720.0,0.20875664437590813,123
w6s_h720,448x720,840000000,844742701.5,3.3054594044280217,108
w6s_h720,448x720,850000000,854923765.0,1.284981791679014,103
w6s_h720,448x720,860000000,864943330.5,0.5732507941116586,104
w6s_h720,448x720,870000000,875003038.0,0.3195918191580168,102
w6s_h720,448x720,880000000,884996041.0,0.22167690976004648,103
w6s_h720,448x720,890000000,895036584.0,0.19030608032473856,103
w6s_h720,448x720,900000000,904955080.0,0.17888434272006534,103
w6s_h720,448x720,910000000,914981642.0,0.173720870132064,103
w6s_h720,448x720,920000000,925067448.0,0.1719480880021922,103
w6s_h720,448x720,930000000,935032784.5,0.17152953027800777,102
w6s_h720,448x720,940000000,944967124.0,0.17163841502833146,102
w6s_h720,448x720,950000000,955005407.0,0.17299140850142733,103
w6s_h720,448x720,960000000,965050039.0,0.17292029417610383,103
w6s_h720,448x720,970000000,975062733.0,0.17005409904053564,103
w6s_h720,448x720,980000000,985003265.0,0.1705564340309376,103
w6s_h720,448x720,990000000,995000683.0,0.1684399670930767,103
w6s_h720,448x720,1000000000,1004993718.0,0.17038772468397845,103
w6s_h720,448x720,1010000000,1014967068.5,0.1730649759682698,104
w6s_h720,448x720,1020000000,1025051115.0,0.1729284516228938,103
w6s_h720,448x720,1030000000,1034992131.0,0.17248877204504665,104
w6s_h720,448x720,1040000000,1044979717.5,0.17294079278765095,102
w6s_h720,448x720,1050000000,1054931157.0,0.173338424283716,103
w6s_h720,448x720,1060000000,1065027302.0,0.1754450410741759,103
w6s_h720,448x720,1070000000,1074972447.0,0.17313166102523153,104
w6s_h720,448x720,1080000000,1085058958.0,0.17197788232908331,103
w6s_h720,448x720,1090000000,1095446959.0,0.17211842288423895,111
w6s_h720,448x720,1100000000,1103358502.0,3.2419528929559216,269
w6s_h720,448x720,1110000000,1114971053.0,0.6272347753603148,193
w6s_h720,448x720,1120000000,1124990674.0,0.23348643733623925,195
w6s_h720,448x720,1130000000,1135268726.5,0.1807381578380318,202
w6s_h720,448x720,1140000000,1145054510.0,0.1732290132263718,242
w6s_h720,448x720,1150000000,1154944584.0,0.17341644947373097,239
w6s_h720,448x720,1160000000,1165032533.0,0.16608580029247655,237
w6s_h720,448x720,1170000000,1175026628.0,0.16749906781139787,235
w6s_h720,448x720,1180000000,1180848463.0,0.16773364182941233,39
w6d_h720,448x720,1180000000,1185513767.0,1.6459052275791262,218
w6d_h720,448x720,1190000000,1195208005.0,0.27870909749264,235
w6d_h720,448x720,1200000000,1205280623.0,0.26173806901566304,257
w6d_h720,448x720,1210000000,1214983786.0,0.2897198285443608,277
w6d_h720,448x720,1220000000,1222092427.0,0.29018396258690266,117
w6c_h720,448x720,1220000000,1227392532.0,3.1899649477094525,99
w6c_h720,448x720,1230000000,1234981790.0,1.9111355486025559,183
w6c_h720,448x720,1240000000,1244915999.0,1.6338425836679278,182
w6c_h720,448x720,1250000000,1255027801.0,1.407051481672895,182
w6c_h720,448x720,1260000000,1264967703.0,1.2396671655231066,181
w6c_h720,448x720,1270000000,1274973677.0,1.1006669268105527,183
w6c_h720,448x720,1280000000,1284992107.0,0.9417307930211124,181
w6c_h720,448x720,1290000000,1294971990.0,0.8434482830147454,182
w6c_h720,448x720,1300000000,1304974865.5,0.6862053579740265,180
w6c_h720,448x720,1310000000,1315024865.0,0.5902637419477963,182
w6c_h720,448x720,1320000000,1324976701.5,0.5054752881509275,180
w6c_h720,448x720,1330000000,1335018981.0,0.426706154372294,181
w6c_h720,448x720,1340000000,1345045151.5,0.3717130878773428,180
w6c_h720,448x720,1350000000,1355011538.5,0.3296245425853143,178
w6c_h720,448x720,1360000000,1364971253.0,0.2889533794188461,181
w6c_h720,448x720,1370000000,1374994015.0,0.26048155914432697,181
w6c_h720,448x720,1380000000,1384996536.5,0.2652286198522166,182
w6c_h720,448x720,1390000000,1394984810.5,0.2638124668701923,182
w6c_h720,448x720,1400000000,1404964361.0,0.2651368876248639,181
w6c_h720,448x720,1410000000,1415003771.0,0.2572748044624741,181
w6c_h720,448x720,1420000000,1425032215.0,0.26176371761123585,181
w6c_h720,448x720,1430000000,1435027277.0,0.26492020460172033,179
w6c_h720,448x720,1440000000,1445047574.0,0.2588519143057184,181
w6c_h720,448x720,1450000000,1455002877.0,0.26001752103164766,181
w6c_h720,448x720,1460000000,1465050306.5,0.26321579808720197,180
w6c_h720,448x720,1470000000,1475046761.0,0.26317984976752773,181
w6c_h720,448x720,1480000000,1485009238.5,0.2641148779234654,180
w6c_h720,448x720,1490000000,1491032601.0,0.2553123885889999,39
w6s_m720,448x720,0,5216381.0,0.8806574865027352,133
w6s_m720,448x720,10000000,14967988.5,0.5615801532960767,140
w6s_m720,448x720,20000000,24988203.0,0.23239603610420145,138
w6s_m720,448x720,30000000,35026969.0,0.10891491896048856,136
w6s_m720,448x720,40000000,44720767.0,0.050360897932092134,125
w6s_m720,448x720,50000000,54923692.5,0.02661470156994168,86
w6s_m720,448x720,60000000,65063401.0,0.06736757794943912,83
w6s_m720,448x720,70000000,75047533.0,0.0688436867440183,116
w6s_m720,448x720,80000000,85393359.0,0.05999336256056071,107
w6s_m720,448x720,90000000,94936142.0,0.055033311465359336,118
w6s_m720,448x720,100000000,104874831.5,0.04477342787207318,118
w6s_m720,448x720,110000000,114913365.5,0.07417906014926723,114
w6s_m720,448x720,120000000,124871776.0,0.12622764418122473,108
w6s_m720,448x720,130000000,134948156.0,0.14089851415373728,100
w6s_m720,448x720,140000000,145008537.5,0.14169962902982375,100
w6s_m720,448x720,150000000,154911603.0,0.13152540228139253,97
w6s_m720,448x720,160000000,164899588.0,0.13810896297607345,96
w6s_m720,448x720,170000000,174894857.0,0.14692820732994574,96
w6s_m720,448x720,180000000,185005700.0,0.18141764192420012,95
w6s_m720,448x720,190000000,194977725.5,0.13175509372130084,94
w6s_m720,448x720,200000000,204969839.5,0.15052564518087003,92
w6s_m720,448x720,210000000,214974243.0,0.16631858420410345,91
w6s_m720,448x720,220000000,224945976.0,0.1334703438773562,89
w6s_m720,448x720,230000000,234984265.0,0.12967557229368684,89
w6s_m720,448x720,240000000,245036926.0,0.14718299059496615,88
w6s_m720,448x720,250000000,254962900.5,0.1524103491427121,88
w6s_m720,448x720,260000000,265002851.0,0.14325974006547526,86
w6s_m720,448x720,270000000,275018591.5,0.15913984323059227,86
w6s_m720,448x720,280000000,285032439.0,0.14597227529111323,85
w6s_m720,448x720,290000000,294938133.5,0.16454904731944797,84
w6s_m720,448x720,300000000,304928687.0,0.17069259777228363,85
w6s_m720,448x720,310000000,315073887.5,0.17626121248765608,84
w6s_m720,448x720,320000000,325050733.0,0.18076952800504292,84
w6s_m720,448x720,330000000,335013825.0,0.19746565928370136,83
w6s_m720,448x720,340000000,345034172.0,0.19122462841271484,83
w6s_m720,448x720,350000000,355057452.0,0.20996492910372744,83
w6s_m720,448x720,360000000,365025883.5,0.19188001084961404,82
w6s_m720,448x720,370000000,375023939.0,0.19263468098135636,83
w6s_m720,448x720,380000000,385034907.0,0.20438887565759867,82
w6s_m720,448x720,390000000,394989564.0,0.20225240756892146,82
w6s_m720,448x720,400000000,404957809.5,0.19261247413013116,82
w6s_m720,448x720,410000000,414989737.0,0.22134511429924342,82
w6s_m720,448x720,420000000,424948338.0,0.19005883484842337,82
w6s_m720,448x720,430000000,434997000.0,0.1858583842173596,83
w6s_m720,448x720,440000000,444987784.0,0.22081732402402177,80
w6s_m720,448x720,450000000,454941084.0,0.21183478840040018,83
w6s_m720,448x720,460000000,464976239.0,0.2288809448156497,81
w6s_m720,448x720,470000000,475004582.5,0.22596946265730425,82
w6s_m720,448x720,480000000,485013794.0,0.22709555456075772,81
w6s_m720,448x720,490000000,495036502.0,0.21165856089947782,81
w6s_m720,448x720,500000000,504992256.5,0.20798339748764189,80
w6s_m720,448x720,510000000,515012771.0,0.214601673951298,81
w6s_m720,448x720,520000000,525006557.0,0.21216482850625806,80
w6s_m720,448x720,530000000,534930053.5,0.19829956175094454,82
w6s_m720,448x720,540000000,545060157.0,0.1999474130257197,80
w6s_m720,448x720,550000000,554984360.0,0.1908008550301864,81
w6s_m720,448x720,560000000,564945990.0,0.20285665390024896,80
w6s_m720,448x720,570000000,575021328.0,0.2045811238615259,81
w6s_m720,448x720,580000000,585089558.0,0.20086899019049181,80
w6s_m720,448x720,590000000,594972159.0,0.20355141761586462,81
w6s_m720,448x720,600000000,605015099.0,0.2044324188397037,80
w6s_m720,448x720,610000000,615060661.0,0.18595083843630986,81
w6s_m720,448x720,620000000,624998413.0,0.1952979580850362,80
w6s_m720,448x720,630000000,634964274.0,0.2178517045081422,79
w6s_m720,448x720,640000000,644945604.0,0.19835459159216665,81
w6s_m720,448x720,650000000,654941002.0,0.19692453311290453,80
w6s_m720,448x720,660000000,665021463.0,0.18343849805044649,81
w6s_m720,448x720,670000000,675003435.0,0.22876910007305493,79
w6s_m720,448x720,680000000,685033684.0,0.2167212916495242,80
w6s_m720,448x720,690000000,695013014.0,0.20753298361907715,80
w6s_m720,448x720,700000000,704950553.5,0.1990112949424403,80
w6s_m720,448x720,710000000,715052112.0,0.198093323307993,80
w6s_m720,448x720,720000000,724969982.0,0.20548563124507732,79
w6s_m720,448x720,730000000,734942648.5,0.19427527794673172,80
w6s_m720,448x720,740000000,744972651.5,0.18280780191718218,80
w6s_m720,448x720,750000000,755033067.0,0.19693947962268935,81
w6s_m720,448x720,760000000,765005132.0,0.2125652194032026,79
w6s_m720,448x720,770000000,775033267.0,0.20695854442922013,79
w6s_m720,448x720,780000000,785007632.0,0.18424826000727487,80
w6s_m720,448x720,790000000,795028492.5,0.18876610540473682,80
w6s_m720,448x720,800000000,805052232.0,0.17717787884339625,79
w6s_m720,448x720,810000000,814947811.0,0.18743730805963976,79
w6s_m720,448x720,820000000,824967225.0,0.18447632419769497,79
w6s_m720,448x720,830000000,834888329.0,0.19111177782233854,79
w6s_m720,448x720,840000000,844992555.0,0.19691626592026462,80
w6s_m720,448x720,850000000,854967136.0,0.19305447388294797,79
w6s_m720,448x720,860000000,864990608.5,0.19360074546919234,80
w6s_m720,448x720,870000000,875015568.0,0.17415143743783834,79
w6s_m720,448x720,880000000,884985182.0,0.17168079782787699,80
w6s_m720,448x720,890000000,895007758.0,0.17671610068576213,79
w6s_m720,448x720,900000000,904998237.0,0.19181174040712629,79
w6s_m720,448x720,910000000,914991801.0,0.1854909157737866,79
w6s_m720,448x720,920000000,925016203.0,0.1758320803501604,80
w6s_m720,448x720,930000000,934994462.5,0.18070505492555722,78
w6s_m720,448x720,940000000,945022521.0,0.18665383578477562,79
w6s_m720,448x720,950000000,955036355.5,0.20237007822047215,78
w6s_m720,448x720,960000000,964979048.5,0.18986781860987767,78
w6s_m720,448x720,970000000,974966339.0,0.18083048149125627,78
w6s_m720,448x720,980000000,984983723.0,0.1876852775879824,79
w6s_m720,448x720,990000000,994972571.0,0.19863485426608044,78
w6s_m720,448x720,1000000000,1004982594.0,0.20077384474100507,78
w6s_m720,448x720,1010000000,1015036265.0,0.1996171049830472,78
w6s_m720,448x720,1020000000,1025045713.0,0.18550225528776232,78
w6s_m720,448x720,1030000000,1034992685.0,0.1901334045515739,78
w6s_m720,448x720,1040000000,1044956321.0,0.18042061124862752,77
w6s_m720,448x720,1050000000,1055005194.0,0.19525376455915186,78
w6s_m720,448x720,1060000000,1065064816.0,0.1719244304009876,78
w6s_m720,448x720,1070000000,1075054104.0,0.18954637132876895,77
w6s_m720,448x720,1080000000,1085010717.5,0.19399382181198727,78
w6s_m720,448x720,1090000000,1095032302.5,0.19351818771905116,78
w6s_m720,448x720,1100000000,1105069052.5,0.1810316634161584,78
w6s_m720,448x720,1110000000,1114911707.0,0.19125176735750857,77
w6s_m720,448x720,1120000000,1125007403.0,0.20672635712533552,77
w6s_m720,448x720,1130000000,1134976341.5,0.1957027263121135,78
w6s_m720,448x720,1140000000,1144960311.0,0.19127199077704565,79
w6s_m720,448x720,1150000000,1154980794.0,0.2057683196350187,77
w6s_m720,448x720,1160000000,1164970088.0,0.17424936533109706,77
w6s_m720,448x720,1170000000,1174916141.5,0.19277738983233636,78
w6s_m720,448x720,1180000000,1184435087.5,0.14885261915144382,84
w6s_m720,448x720,1190000000,1195143130.0,0.262151775874756,74
w6s_m720,448x720,1200000000,1205056075.0,0.2906347546842815,73
w6s_m720,448x720,1210000000,1215026429.0,0.2944487743288389,75
w6s_m720,448x720,1220000000,1224963453.5,0.28650338840270684,74
w6s_m720,448x720,1230000000,1235022042.5,0.267314857560913,74
w6s_m720,448x720,1240000000,1244951469.0,0.2949282614764891,74
w6s_m720,448x720,1250000000,1254569574.0,0.05877019813361912,103
w6s_m720,448x720,1260000000,1264951584.0,0.14690169184256474,95
w6s_m720,448x720,1270000000,1275075535.0,0.14806019102840257,95
w6s_m720,448x720,1280000000,1285005306.0,0.146706985005464,95
w6s_m720,448x720,1290000000,1295037689.0,0.1542174345621267,95
w6s_m720,448x720,1300000000,1304947935.0,0.14356387317957872,93
w6s_m720,448x720,1310000000,1314914410.0,0.1626361920803332,94
w6s_m720,448x720,1320000000,1325025390.5,0.1432323683011133,94
w6s_m720,448x720,1330000000,1335003073.0,0.15115790744747418,94
w6s_m720,448x720,1340000000,1344953942.5,0.14598405826935906,94
w6s_m720,448x720,1350000000,1355019845.0,0.14533846044406934,95
w6s_m720,448x720,1360000000,1365050332.5,0.15217035447713625,94
w6s_m720,448x720,1370000000,1374990690.0,0.13971229305505495,93
w6s_m720,448x720,1380000000,1384974690.0,0.12399801328048794,93
w6s_m720,448x720,1390000000,1395001894.5,0.13818824140698588,94
w6s_m720,448x720,1400000000,1404952361.0,0.12388863132232156,93
w6s_m720,448x720,1410000000,1414958509.5,0.14751940568876704,94
w6s_m720,448x720,1420000000,1425009431.0,0.13218636047168292,94
w6s_m720,448x720,1430000000,1435007113.0,0.14490887627797594,93
w6s_m720,448x720,1440000000,1444962862.0,0.1385293290387321,93
w6s_m720,448x720,1450000000,1454977409.0,0.14247471229238076,93
w6s_m720,448x720,1460000000,1464994938.0,0.13677374763875202,94
w6s_m720,448x720,1470000000,1474949786.0,0.15373980522695774,93
w6s_m720,448x720,1480000000,1484966380.0,0.15859620414673048,93
w6s_m720,448x720,1490000000,1495003864.5,0.16643711541768336,94
w6s_m720,448x720,1500000000,1504999511.0,0.1685699681023886,93
w6s_m720,448x720,1510000000,1515030453.5,0.15487345570591027,94
w6s_m720,448x720,1520000000,1524993094.0,0.14670907997468097,93
w6s_m720,448x720,1530000000,1534967972.0,0.1545416760499987,93
w6s_m720,448x720,1540000000,1544995531.0,0.16315789110373827,93
w6s_m720,448x720,1550000000,1554993839.0,0.18152311396448717,93
w6s_m720,448x720,1560000000,1564983226.0,0.17406103115058963,93
w6s_m720,448x720,1570000000,1574969919.0,0.17333472591614052,94
w6s_m720,448x720,1580000000,1585017748.0,0.17364732234952987,93
w6s_m720,448x720,1590000000,1594957563.0,0.17973288597448836,93
w6s_m720,448x720,1600000000,1604984202.0,0.16998225741255418,94
w6s_m720,448x720,1610000000,1615008029.0,0.1715988847984868,93
w6s_m720,448x720,1620000000,1625008619.0,0.15761511808442996,93
w6s_m720,448x720,1630000000,1634944950.5,0.15741673181157712,92
w6s_m720,448x720,1640000000,1644906441.0,0.17133419832931818,93
w6s_m720,448x720,1650000000,1654966173.0,0.1744619368535174,93
w6s_m720,448x720,1660000000,1664968362.0,0.16817435175357456,93
w6s_m720,448x720,1670000000,1675013053.0,0.1713970840003559,93
w6s_m720,448x720,1680000000,1685015022.0,0.17782937838328788,93
w6s_m720,448x720,1690000000,1694997470.5,0.19484609282418508,94
w6s_m720,448x720,1700000000,1705035121.0,0.1721350645718738,93
w6s_m720,448x720,1710000000,1714999063.0,0.17203520647958492,93
w6s_m720,448x720,1720000000,1724981640.0,0.16841213141519348,94
w6s_m720,448x720,1730000000,1735052642.5,0.18112425765576698,94
w6s_m720,448x720,1740000000,1745066890.0,0.16955911534612056,93
w6s_m720,448x720,1750000000,1755020995.0,0.16721889173801913,93
w6s_m720,448x720,1760000000,1765026943.0,0.17896474636825682,93
w6s_m720,448x720,1770000000,1775013217.0,0.17670539362484095,93
w6s_m720,448x720,1780000000,1785022973.0,0.17535394181674369,93
w6s_m720,448x720,1790000000,1794978718.0,0.17343437106169304,93
w6s_m720,448x720,1800000000,1804985622.0,0.17821389098479162,94
w6s_m720,448x720,1810000000,1814999383.0,0.19232835674379817,93
w6s_m720,448x720,1820000000,1825023271.0,0.19592103815745773,93
w6s_m720,448x720,1830000000,1835024522.0,0.18087323068385128,93
w6s_m720,448x720,1840000000,1845008992.5,0.19829543820101242,94
w6s_m720,448x720,1850000000,1855071987.0,0.20351728350621576,95
w6s_m720,448x720,1860000000,1865010491.0,0.1853457806619529,99
w6s_m720,448x720,1870000000,1875028984.0,0.20132816363682382,99
w6s_m720,448x720,1880000000,1884984575.0,0.17401510568050035,97
w6s_m720,448x720,1890000000,1895057447.0,0.19441359282186244,99
w6s_m720,448x720,1900000000,1904993377.0,0.21356239479959996,99
w6s_m720,448x720,1910000000,1915027303.0,0.20342552092228083,99
w6s_m720,448x720,1920000000,1925025677.0,0.2102745979357781,98
w6s_m720,448x720,1930000000,1935005133.0,0.21533544613415567,99
w6s_m720,448x720,1940000000,1945010340.0,0.20342395050022574,99
w6s_m720,448x720,1950000000,1955022530.0,0.2086037456494967,99
w6s_m720,448x720,1960000000,1965011646.0,0.1945006483389764,99
w6s_m720,448x720,1970000000,1974992796.0,0.20441497508394663,99
w6s_m720,448x720,1980000000,1985022864.0,0.19460610166675946,99
w6s_m720,448x720,1990000000,1995014896.0,0.2106471532852251,99
w6s_m720,448x720,2000000000,2005021990.5,0.20680959505373886,100
w6s_m720,448x720,2010000000,2015033701.0,0.22351640652691257,99
w6s_m720,448x720,2020000000,2025046449.0,0.18792684215668148,99
w6s_m720,448x720,2030000000,2034971569.0,0.2020645107709993,99
w6s_m720,448x720,2040000000,2044971552.0,0.19283819552354461,99
w6s_m720,448x720,2050000000,2054999287.0,0.19930866527821123,100
w6s_m720,448x720,2060000000,2064966201.0,0.2063471671803209,99
w6s_m720,448x720,2070000000,2074990539.5,0.22184157776564567,100
w6s_m720,448x720,2080000000,2084957123.0,0.20612485200880415,99
w6s_m720,448x720,2090000000,2093899458.0,0.21008550223966652,77
w6c_m720,448x720,2090000000,2099194009.5,4.292536879400374,34
w6c_m720,448x720,2100000000,2103987162.0,1.2755657191720575,185
w6c_m720,448x720,2110000000,2115004199.0,0.6631710283121829,125
w6c_m720,448x720,2120000000,2125015039.0,0.34645164995197497,125
w6c_m720,448x720,2130000000,2135009540.5,0.20513396703733236,126
w6c_m720,448x720,2140000000,2144998428.0,0.18087379867082354,126
w6c_m720,448x720,2150000000,2155001098.5,0.16725705552449704,128
w6c_m720,448x720,2160000000,2164991834.5,0.17354096280891507,128
w6c_m720,448x720,2170000000,2175005485.5,0.19837517057294096,126
w6c_m720,448x720,2180000000,2184951193.0,0.160995025898759,127
w6c_m720,448x720,2190000000,2194985677.5,0.16629888441643076,126
w6c_m720,448x720,2200000000,2205061629.0,0.1481910684522189,125
w6c_m720,448x720,2210000000,2215003921.0,0.17434513567525867,125
w6c_m720,448x720,2220000000,2225005020.0,0.178212625467405,125
w6c_m720,448x720,2230000000,2234986485.0,0.1788596612872048,125
w6c_m720,448x720,2240000000,2244968980.0,0.19862319998397526,124
w6c_m720,448x720,2250000000,2254972826.0,0.2046601175897196,125
w6c_m720,448x720,2260000000,2264993802.5,0.17508072533731134,124
w6c_m720,448x720,2270000000,2274974026.0,0.19700714785578083,123
w6c_m720,448x720,2280000000,2284996443.0,0.18613657335483091,125
w6c_m720,448x720,2290000000,2295013905.0,0.18547311955803955,125
w6c_m720,448x720,2300000000,2305001062.5,0.19426698071331666,122
w6c_m720,448x720,2310000000,2315014470.5,0.17354561858884576,124
w6c_m720,448x720,2320000000,2324975675.0,0.17801314143928454,123
w6c_m720,448x720,2330000000,2335002783.0,0.1886386857143691,123
w6c_m720,448x720,2340000000,2344996749.0,0.18411987933417356,124
w6c_m720,448x720,2350000000,2354968904.0,0.18776408916027001,123
w6c_m720,448x720,2360000000,2365012659.0,0.18203440437375915,123
w6c_m720,448x720,2370000000,2374975632.5,0.17022216161687453,122
w6c_m720,448x720,2380000000,2384974784.0,0.17567910923158062,123
w6c_m720,448x720,2390000000,2395011403.0,0.17946243009300206,122
w6c_m720,448x720,2400000000,2404984998.0,0.18224551319624757,122
w6c_m720,448x720,2410000000,2415022031.0,0.16458064027418245,123
w6c_m720,448x720,2420000000,2425005146.0,0.19737124064798459,122
w6c_m720,448x720,2430000000,2434999337.0,0.1628959925312789,121
w6c_m720,448x720,2440000000,2445006052.0,0.16665932284018645,121
w6c_m720,448x720,2450000000,2454974506.5,0.18359326507265866,120
w6c_m720,448x720,2460000000,2464971585.5,0.17054020927144217,122
w6c_m720,448x720,2470000000,2474992353.0,0.15929009645900533,121
w6c_m720,448x720,2480000000,2485011959.0,0.17145830962308772,121
w6c_m720,448x720,2490000000,2494984468.5,0.16423627533710589,122
w6c_m720,448x720,2500000000,2504982206.0,0.15551184730737785,121
w6c_m720,448x720,2510000000,2514992929.5,0.15262817116938104,122
w6c_m720,448x720,2520000000,2524984441.0,0.18405290331634797,121
w6c_m720,448x720,2530000000,2533966585.0,0.18106359283650844,97
w6s_var,550x720,0,4332561.0,8.714643773661606,125
w6s_var,550x720,10000000,14991784.5,3.7151827337055456,100
w6s_var,550x720,20000000,24996548.0,2.1493972139119495,100
w6s_var,550x720,30000000,35011547.0,1.525885754262913,99
w6s_var,550x720,40000000,44545850.0,1.3612351554739157,166
w6s_var,550x720,50000000,54652389.0,4.399930325838142,134
w6s_var,550x720,60000000,64817921.0,3.063289576688794,84
w6s_var,550x720,70000000,77025284.5,3.920923169541919,150
w6s_var,550x720,80000000,84948926.0,2.0289342359945275,194
w6s_var,550x720,90000000,94932461.0,1.118653764441602,189
w6s_var,550x720,100000000,104931041.0,0.9112172327326276,187
w6s_var,550x720,110000000,114969913.0,0.8657988861369499,185
w6s_var,550x720,120000000,124946622.0,0.7879827091473504,185
w6s_var,550x720,130000000,134938735.5,0.7574871909873274,180
w6s_var,550x720,140000000,144923193.0,0.7291909150727673,183
w6s_var,550x720,150000000,155064974.0,0.7180695750216685,181
w6s_var,550x720,160000000,165066650.5,0.7005766206567293,174
w6s_var,550x720,170000000,174727497.5,0.6622555485612842,140
w6s_var,550x720,180000000,184991333.0,0.6632665363181692,131
w6s_var,550x720,190000000,195015923.0,0.6512022707727041,133
w6s_var,550x720,200000000,204965605.0,0.6241510821924443,132
w6s_var,550x720,210000000,214995942.0,0.6110449764747983,132
w6s_var,550x720,220000000,225039401.0,0.589248223240763,132
w6s_var,550x720,230000000,235035298.0,0.5489282201989493,131
w6s_var,550x720,240000000,244987733.0,0.5414138875066189,131
w6s_var,550x720,250000000,255008539.5,0.5248314683518381,132
w6s_var,550x720,260000000,264956523.0,0.4979946477884363,130
w6s_var,550x720,270000000,274961072.0,0.4880243049884383,129
w6s_var,550x720,280000000,284964430.0,0.4701320811944625,130
w6s_var,550x720,290000000,295026906.0,0.4471449575087221,131
w6s_var,550x720,300000000,304992101.0,0.44275221712923785,130
w6s_var,550x720,310000000,314998604.5,0.4189143435803158,130
w6s_var,550x720,320000000,325059970.0,0.4116725890556819,129
w6s_var,550x720,330000000,334991761.5,0.39198564333112806,130
w6s_var,550x720,340000000,345043740.0,0.3801218657475742,129
w6s_var,550x720,350000000,354995060.0,0.3760460488748434,131
w6s_var,550x720,360000000,365451459.0,0.36299049161921443,161
w6s_var,550x720,370000000,375063141.0,0.32938740225808705,180
w6s_var,550x720,380000000,384997896.0,0.3156618640816012,177
w6s_var,550x720,390000000,394968552.0,0.29237440804211534,173
w6s_var,550x720,400000000,405035691.0,0.2772230779792533,169
w6s_var,550x720,410000000,415007927.0,0.26801898389451795,171
w6s_var,550x720,420000000,425055611.0,0.2603852308887452,173
w6s_var,550x720,430000000,435107414.5,0.2507011327807164,170
w6s_var,550x720,440000000,444948566.5,0.2416825577435271,176
w6s_var,550x720,450000000,454942844.0,0.23141651977802274,170
w6s_var,550x720,460000000,465093842.0,0.2296320801220207,173
w6s_var,550x720,470000000,474922323.0,0.21787161563184537,171
w6s_var,550x720,480000000,485018530.0,0.2120740622427956,171
w6s_var,550x720,490000000,494601382.5,0.2060445809303409,158
w6s_var,550x720,500000000,505051081.0,0.20597869088166168,129
w6s_var,550x720,510000000,515042873.0,0.2059019187830738,131
w6s_var,550x720,520000000,525016112.0,0.1980163502348555,129
w6s_var,550x720,530000000,534997522.5,0.19347679011852778,130
w6s_var,550x720,540000000,545006980.0,0.1866063897735292,129
w6s_var,550x720,550000000,554939651.5,0.17892130313960242,130
w6s_var,550x720,560000000,564935323.0,0.1739760986567267,130
w6s_var,550x720,570000000,575014057.5,0.16436544947441184,130
w6s_var,550x720,580000000,585015668.0,0.16212611483942702,130
w6s_var,550x720,590000000,595024228.0,0.16129716294966467,129
w6s_var,550x720,600000000,604965939.0,0.1591783670289306,131
w6s_var,550x720,610000000,615016861.0,3.299835310592833,163
w6s_var,550x720,620000000,624946056.0,1.725620512355726,130
w6s_var,550x720,630000000,635030974.0,0.5999086931291919,131
w6s_var,550x720,640000000,645000555.0,0.29734085879116007,131
w6s_var,550x720,650000000,654994200.5,0.21187711970288953,130
w6s_var,550x720,660000000,665006909.5,0.18353366505921612,132
w6s_var,550x720,670000000,674969839.0,0.1760557365154284,131
w6s_var,550x720,680000000,685036759.0,0.17176670828785215,132
w6s_var,550x720,690000000,694990722.0,0.16902472165693733,130
w6s_var,550x720,700000000,704990807.0,0.16807397986601375,132
w6s_var,550x720,710000000,714977702.0,0.167323999449024,131
w6s_var,550x720,720000000,724938644.0,0.17039720375469003,132
w6s_var,550x720,730000000,734998078.5,0.16667310158920215,130
w6s_var,550x720,740000000,744986662.0,0.16417745765122846,131
w6s_var,550x720,750000000,755021161.0,0.16626486348616193,131
w6s_var,550x720,760000000,764975269.0,0.16576221969643187,131
w6s_var,550x720,770000000,774956551.0,0.1659791294765839,130
w6s_var,550x720,780000000,784844204.0,0.16572570213999244,131
w6s_var,550x720,790000000,794992375.0,0.16907872892966536,131
w6s_var,550x720,800000000,804997156.0,0.16701016096299415,131
w6s_var,550x720,810000000,815009036.0,0.16643012829397646,131
w6s_var,550x720,820000000,825020799.5,0.16888685822098898,130
w6s_var,550x720,830000000,835015218.0,0.16797966960307306,131
w6s_var,550x720,840000000,845006605.0,0.16805967507079556,131
w6s_var,550x720,850000000,855067031.0,0.16532119093118555,131
w6s_var,550x720,860000000,864994868.5,0.17070483894697602,132
w6s_var,550x720,870000000,875040783.0,0.16884808743643073,132
w6s_var,550x720,880000000,885055547.0,0.17008751188588556,133
w6s_var,550x720,890000000,894982695.0,0.17013218043488082,131
w6s_var,550x720,900000000,904939589.5,0.16563029186045794,170
w6s_var,550x720,910000000,914954592.5,0.16753897031801676,172
w6s_var,550x720,920000000,924932704.5,0.16661350037930286,162
w6s_var,550x720,930000000,934952800.0,0.16534369415896094,166
w6s_var,550x720,940000000,944997798.5,0.1684434565973552,164
w6s_var,550x720,950000000,954921278.0,0.1681502817984027,163
w6s_var,550x720,960000000,964973190.5,0.16808776614250592,164
w6s_var,550x720,970000000,974985031.0,0.1664378807852844,165
w6s_var,550x720,980000000,985006445.0,0.16649172492809955,177
w6s_var,550x720,990000000,995106145.5,0.1666014581729504,184
w6s_var,550x720,1000000000,1005050721.5,0.16453708345296647,188
w6s_var,550x720,1010000000,1014988389.5,0.16247303551971676,188
w6s_var,550x720,1020000000,1025013944.0,0.1672778745158417,189
w6s_var,550x720,1030000000,1034795901.5,0.16438613941710267,182
w6s_var,550x720,1040000000,1045073616.0,0.16161255857466061,155
w6s_var,550x720,1050000000,1055017292.0,0.1624305050916109,153
w6s_var,550x720,1060000000,1064979689.0,0.1663740711040957,155
w6s_var,550x720,1070000000,1074907359.0,0.16459145090946808,152
w6s_var,550x720,1080000000,1084959827.0,0.16329706783927503,151
w6s_var,550x720,1090000000,1094943672.0,0.16007098712309306,149
w6s_var,550x720,1100000000,1103034957.0,0.16204267480054593,91
w6c_var,550x720,1100000000,1108751148.0,2.5224304725749267,153
w6c_var,550x720,1110000000,1114762904.0,1.5821132847441899,353
w6c_var,550x720,1120000000,1124996080.0,1.4704300093216798,316
w6c_var,550x720,1130000000,1135031120.0,1.313765736294757,305
w6c_var,550x720,1140000000,1144964210.5,1.098898853054281,306
w6c_var,550x720,1150000000,1155010693.0,0.9338287693149262,303
w6c_var,550x720,1160000000,1164964638.5,0.8092700223837539,302
w6c_var,550x720,1170000000,1175026872.0,0.6812154226241611,303
w6c_var,550x720,1180000000,1184988716.0,0.5383999814672747,301
w6c_var,550x720,1190000000,1194957193.0,0.4610828120419371,305
w6c_var,550x720,1200000000,1204965976.0,0.44117921332610177,302
w6c_var,550x720,1210000000,1214997081.0,0.4333731485499598,300
w6c_var,550x720,1220000000,1224998998.0,0.4194271435672927,300
w6c_var,550x720,1230000000,1234922487.0,0.4091562414887536,298
w6c_var,550x720,1240000000,1245034856.5,0.4107828892171469,304
w6c_var,550x720,1250000000,1252053303.5,0.3996941185355815,126
w6s_mvar,550x720,0,5251699.0,1.0967658864466445,95
w6s_mvar,550x720,10000000,14919542.0,0.8527567614561199,98
w6s_mvar,550x720,20000000,24953842.0,0.5117003114625871,97
w6s_mvar,550x720,30000000,34984257.5,0.2571203473486707,94
w6s_mvar,550x720,40000000,45032861.0,0.12769896962541713,93
w6s_mvar,550x720,50000000,54998699.0,0.0620615917616394,94
w6s_mvar,550x720,60000000,64357856.0,0.05396946022589771,83
w6s_mvar,550x720,70000000,75092418.0,0.033002028930756384,75
w6s_mvar,550x720,80000000,85186813.0,0.10684588832408105,78
w6s_mvar,550x720,90000000,95035088.0,0.11467737950342302,98
w6s_mvar,550x720,100000000,105595339.0,0.12519887681493713,88
w6s_mvar,550x720,110000000,115079702.0,0.09861084053031974,101
w6s_mvar,550x720,120000000,124846467.0,0.11457089026987949,97
w6s_mvar,550x720,130000000,134863101.0,0.036638544999130565,101
w6s_mvar,550x720,140000000,144957013.5,0.1339430167118322,98
w6s_mvar,550x720,150000000,154973474.0,0.16609825613218338,99
w6s_mvar,550x720,160000000,164944029.0,0.1497136859989735,97
w6s_mvar,550x720,170000000,174938534.0,0.14128835805555948,93
w6s_mvar,550x720,180000000,185013480.0,0.1535454516531525,91
w6s_mvar,550x720,190000000,194940547.5,0.14775228541530094,88
w6s_mvar,550x720,200000000,204990774.0,0.1420704103991238,87
w6s_mvar,550x720,210000000,215025745.5,0.16337834434241455,86
w6s_mvar,550x720,220000000,225057726.0,0.14123779259409255,86
w6s_mvar,550x720,230000000,234980154.0,0.1704324660966518,85
w6s_mvar,550x720,240000000,245033383.0,0.15776453909512875,85
w6s_mvar,550x720,250000000,254986964.0,0.19560556037324586,85
w6s_mvar,550x720,260000000,264948933.0,0.19980884164961443,83
w6s_mvar,550x720,270000000,274947369.5,0.1661932133816763,82
w6s_mvar,550x720,280000000,285033812.5,0.15022107563098125,82
w6s_mvar,550x720,290000000,294995911.5,0.16221836734011774,80
w6s_mvar,550x720,300000000,304983001.0,0.16354786593729082,79
w6s_mvar,550x720,310000000,314927125.0,0.15660612771067717,79
w6s_mvar,550x720,320000000,324958081.5,0.17211210341715855,78
w6s_mvar,550x720,330000000,334976802.0,0.1686053225003286,76
w6s_mvar,550x720,340000000,345000560.0,0.16253362705644675,77
w6s_mvar,550x720,350000000,355026864.5,0.19130040640446458,76
w6s_mvar,550x720,360000000,364996113.0,0.1773483571514029,76
w6s_mvar,550x720,370000000,374952711.0,0.15553706483869487,75
w6s_mvar,550x720,380000000,384939820.0,0.1810642157865469,76
w6s_mvar,550x720,390000000,394996999.0,0.19256821951149278,75
w6s_mvar,550x720,400000000,405046642.5,0.199906778798969,74
w6s_mvar,550x720,410000000,415075292.0,0.18715674396063012,75
w6s_mvar,550x720,420000000,425038293.0,0.18465780761377537,73
w6s_mvar,550x720,430000000,434974515.0,0.18312005974071083,75
w6s_mvar,550x720,440000000,444987470.0,0.18969960768692407,74
w6s_mvar,550x720,450000000,454983145.0,0.19916781667028396,75
w6s_mvar,550x720,460000000,465004541.0,0.1964219069763127,74
w6s_mvar,550x720,470000000,475032180.5,0.18977770332207797,74
w6s_mvar,550x720,480000000,485000875.0,0.19654211431014534,74
w6s_mvar,550x720,490000000,494964866.0,0.20277133924572907,74
w6s_mvar,550x720,500000000,504976848.0,0.19174269641208752,74
w6s_mvar,550x720,510000000,514989915.5,0.20474168434584167,74
w6s_mvar,550x720,520000000,525022479.0,0.188907259690845,74
w6s_mvar,550x720,530000000,535001351.0,0.18549717946778524,73
w6s_mvar,550x720,540000000,545018590.0,0.1964088863100058,74
w6s_mvar,550x720,550000000,555021628.0,0.19605056346469787,73
w6s_mvar,550x720,560000000,564963297.0,0.20421241663579404,74
w6s_mvar,550x720,570000000,574972511.0,0.21065149243542985,74
w6s_mvar,550x720,580000000,584973437.0,0.19828713052613575,74
w6s_mvar,550x720,590000000,594982126.0,0.20751266782769173,74
w6s_mvar,550x720,600000000,605038455.5,0.1877668248517934,74
w6s_mvar,550x720,610000000,615089099.0,0.19759561706826656,73
w6s_mvar,550x720,620000000,625062562.0,0.19263704781972518,73
w6s_mvar,550x720,630000000,634973451.0,0.17787110861979252,73
w6s_mvar,550x720,640000000,644991347.0,0.1733405165641162,73
w6s_mvar,550x720,650000000,655076520.0,0.171101050660685,73
w6s_mvar,550x720,660000000,665051803.0,0.17288090411861562,73
w6s_mvar,550x720,670000000,675056259.0,0.16899020215472563,73
w6s_mvar,550x720,680000000,685022253.0,0.1754270087244194,72
w6s_mvar,550x720,690000000,695086915.0,0.18569963338465387,73
w6s_mvar,550x720,700000000,705028547.0,0.16188763862040212,72
w6s_mvar,550x720,710000000,714918082.5,0.18244369859772713,72
w6s_mvar,550x720,720000000,724885884.5,0.17377569322488623,72
w6s_mvar,550x720,730000000,734930178.0,0.15330692982583477,72
w6s_mvar,550x720,740000000,744934678.0,0.1739279559504301,72
w6s_mvar,550x720,750000000,755028221.5,0.19312155492371258,72
w6s_mvar,550x720,760000000,765007412.0,0.167483097661325,71
w6s_mvar,550x720,770000000,774993337.5,0.17566428134086182,72
w6s_mvar,550x720,780000000,784925641.5,0.1770885459797989,70
w6s_mvar,550x720,790000000,794956465.0,0.18463951831046102,72
w6s_mvar,550x720,800000000,805016096.0,0.16988076210639236,71
w6s_mvar,550x720,810000000,815003851.5,0.1801550732793919,72
w6s_mvar,550x720,820000000,825016296.0,0.17214038407771837,71
w6s_mvar,550x720,830000000,835009792.0,0.18063979845933495,71
w6s_mvar,550x720,840000000,844945529.0,0.17642842623564434,71
w6s_mvar,550x720,850000000,855031213.0,0.17559718763628138,72
w6s_mvar,550x720,860000000,865055251.5,0.1667293431983995,70
w6s_mvar,550x720,870000000,874965838.0,0.1634916641311376,71
w6s_mvar,550x720,880000000,884987119.0,0.1681269765206941,71
w6s_mvar,550x720,890000000,895027894.5,0.16306938075436345,72
w6s_mvar,550x720,900000000,905064779.0,0.18168043675926931,71
w6s_mvar,550x720,910000000,915005340.0,0.17300638300847507,71
w6s_mvar,550x720,920000000,924969083.0,0.1725357420789025,71
w6s_mvar,550x720,930000000,935001838.0,0.18988784097889708,70
w6s_mvar,550x720,940000000,945003787.0,0.15832200653503126,72
w6s_mvar,550x720,950000000,955055986.5,0.16445048853132566,70
w6s_mvar,550x720,960000000,964940077.0,0.15976003333918537,71
w6s_mvar,550x720,970000000,974915062.0,0.15628409627002507,71
w6s_mvar,550x720,980000000,985031841.0,0.1698381419543219,71
w6s_mvar,550x720,990000000,995057561.5,0.18416240386129928,70
w6s_mvar,550x720,1000000000,1004996668.5,0.1738589977916514,70
w6s_mvar,550x720,1010000000,1014992597.0,0.16698163842066016,71
w6s_mvar,550x720,1020000000,1025003243.0,0.17394338427778744,70
w6s_mvar,550x720,1030000000,1034932580.5,0.1603125493051521,70
w6s_mvar,550x720,1040000000,1044956514.0,0.17302797020883168,71
w6s_mvar,550x720,1050000000,1055033198.0,0.1716093611222054,71
w6s_mvar,550x720,1060000000,1065055864.0,0.1963717514362651,69
w6s_mvar,550x720,1070000000,1074947157.0,0.177500136548028,69
w6s_mvar,550x720,1080000000,1084985000.5,0.18309579376639507,70
w6s_mvar,550x720,1090000000,1095016461.0,0.1815155843611403,70
w6s_mvar,550x720,1100000000,1105084884.0,0.1651553318196421,70
w6s_mvar,550x720,1110000000,1115006055.0,0.1782959324888925,69
w6s_mvar,550x720,1120000000,1125070230.5,0.1865713776058989,70
w6s_mvar,550x720,1130000000,1135056380.0,0.17896252628347054,69
w6s_mvar,550x720,1140000000,1144995086.0,0.15524317044166122,69
w6s_mvar,550x720,1150000000,1155020197.0,0.19280029315612754,69
w6s_mvar,550x720,1160000000,1164978341.0,0.1733050572736706,69
w6s_mvar,550x720,1170000000,1174961669.0,0.18261153533193691,70
w6s_mvar,550x720,1180000000,1185113939.0,0.18163093783553136,69
w6s_mvar,550x720,1190000000,1195019897.0,0.17870545002570204,69
w6s_mvar,550x720,1200000000,1204979908.0,0.2010340543408884,69
w6s_mvar,550x720,1210000000,1215029023.0,0.19372429057027665,70
w6s_mvar,550x720,1220000000,1224959084.5,0.17369440807873987,68
w6s_mvar,550x720,1230000000,1234999486.5,0.1695082148839423,70
w6s_mvar,550x720,1240000000,1245012415.0,0.19738765713585155,69
w6s_mvar,550x720,1250000000,1254967356.5,0.18007230914983494,68
w6s_mvar,550x720,1260000000,1264970359.0,0.18233990457125804,69
w6s_mvar,550x720,1270000000,1275003187.0,0.2087284120733754,69
w6s_mvar,550x720,1280000000,1284976789.0,0.18808908610863717,69
w6s_mvar,550x720,1290000000,1295001644.0,0.18172053294223975,69
w6s_mvar,550x720,1300000000,1305038881.0,0.1967791981260154,69
w6s_mvar,550x720,1310000000,1315043005.0,0.2059529959396673,69
w6s_mvar,550x720,1320000000,1325088914.0,0.20879801754162466,68
w6s_mvar,550x720,1330000000,1335071056.0,0.19594258839805404,68
w6s_mvar,550x720,1340000000,1345341847.0,0.21480471018671646,73
w6s_mvar,550x720,1350000000,1355043092.5,0.13581906000543909,66
w6s_mvar,550x720,1360000000,1365022828.0,0.26396775046150484,66
w6s_mvar,550x720,1370000000,1375028775.0,0.2663434454691541,67
w6s_mvar,550x720,1380000000,1385012641.0,0.2637089071409719,67
w6s_mvar,550x720,1390000000,1395022416.0,0.28972461396499116,67
w6s_mvar,550x720,1400000000,1404939228.0,0.2787402364631447,68
w6s_mvar,550x720,1410000000,1414996895.5,0.2748333764625591,66
w6s_mvar,550x720,1420000000,1424855839.0,0.0677211707601384,85
w6s_mvar,550x720,1430000000,1435005799.0,0.1118947001830442,82
w6s_mvar,550x720,1440000000,1444961660.5,0.1734590839477641,82
w6s_mvar,550x720,1450000000,1454985513.0,0.16570359616296254,83
w6s_mvar,550x720,1460000000,1465030163.0,0.1610175859960278,83
w6s_mvar,550x720,1470000000,1475052298.0,0.17498718761897722,83
w6s_mvar,550x720,1480000000,1485011528.5,0.15817604592146378,82
w6s_mvar,550x720,1490000000,1495032223.0,0.13889237626730513,83
w6s_mvar,550x720,1500000000,1504976598.5,0.1554935818562049,82
w6s_mvar,550x720,1510000000,1514966179.5,0.14777102288704436,84
w6s_mvar,550x720,1520000000,1524969641.5,0.1593405623529847,82
w6s_mvar,550x720,1530000000,1534987122.0,0.15351653978477883,83
w6s_mvar,550x720,1540000000,1544973905.5,0.14908162208508507,82
w6s_mvar,550x720,1550000000,1554962810.0,0.1499555021139968,83
w6s_mvar,550x720,1560000000,1564954782.5,0.1691467828918975,82
w6s_mvar,550x720,1570000000,1574955870.0,0.15322806056254468,83
w6s_mvar,550x720,1580000000,1584972330.5,0.14094410286572723,82
w6s_mvar,550x720,1590000000,1594993224.0,0.16471968828594366,83
w6s_mvar,550x720,1600000000,1604999859.0,0.1654415859901475,83
w6s_mvar,550x720,1610000000,1614986038.0,0.14847119460854147,83
w6s_mvar,550x720,1620000000,1624961500.0,0.13939329331095368,82
w6s_mvar,550x720,1630000000,1635038291.0,0.16086016587715765,83
w6s_mvar,550x720,1640000000,1645021174.0,0.15194535769130732,81
w6s_mvar,550x720,1650000000,1654989357.0,0.15288854781727207,83
w6s_mvar,550x720,1660000000,1664950595.5,0.15751646161182825,82
w6s_mvar,550x720,1670000000,1674987918.5,0.16658570029390163,82
w6s_mvar,550x720,1680000000,1685032730.0,0.15371888881144372,83
w6s_mvar,550x720,1690000000,1695058220.5,0.17194831602700267,82
w6s_mvar,550x720,1700000000,1705024796.0,0.16814231107399136,82
w6s_mvar,550x720,1710000000,1715042232.0,0.16148598854824814,82
w6s_mvar,550x720,1720000000,1725056850.5,0.15941190152019186,82
w6s_mvar,550x720,1730000000,1734973104.0,0.15948063465941759,81
w6s_mvar,550x720,1740000000,1745021483.0,0.17107518532034385,83
w6s_mvar,550x720,1750000000,1755007217.5,0.16103815001572364,82
w6s_mvar,550x720,1760000000,1764920613.0,0.1728592741176425,81
w6s_mvar,550x720,1770000000,1774938671.0,0.1667172920358304,82
w6s_mvar,550x720,1780000000,1784931195.0,0.1705894496492492,82
w6s_mvar,550x720,1790000000,1794970368.0,0.16506870595203532,83
w6s_mvar,550x720,1800000000,1805021607.0,0.15457939845320845,82
w6s_mvar,550x720,1810000000,1815445397.5,0.14734290467026118,94
w6s_mvar,550x720,1820000000,1825095105.0,0.1381900354765733,101
w6s_mvar,550x720,1830000000,1834989498.0,0.13780081337318886,101
w6s_mvar,550x720,1840000000,1845017703.0,0.13016574730499197,102
w6s_mvar,550x720,1850000000,1855066915.0,0.13363528795110816,101
w6s_mvar,550x720,1860000000,1865054054.0,0.1481104424522807,101
w6s_mvar,550x720,1870000000,1875025642.0,0.16067120776923288,101
w6s_mvar,550x720,1880000000,1885042684.0,0.15476758916040792,101
w6s_mvar,550x720,1890000000,1895025134.5,0.15081149391910462,102
w6s_mvar,550x720,1900000000,1904976575.0,0.15814661528880722,101
w6s_mvar,550x720,1910000000,1915048666.0,0.15060827085244924,101
w6s_mvar,550x720,1920000000,1925036816.5,0.16152415654150815,102
w6s_mvar,550x720,1930000000,1935023399.5,0.14935723069924414,100
w6s_mvar,550x720,1940000000,1944965996.0,0.13972155242500112,101
w6s_mvar,550x720,1950000000,1954980281.5,0.1486910073581998,102
w6s_mvar,550x720,1960000000,1964978819.0,0.1510024939315811,101
w6s_mvar,550x720,1970000000,1974975959.5,0.15154164289468913,100
w6s_mvar,550x720,1980000000,1984965426.0,0.1590411270060258,102
w6s_mvar,550x720,1990000000,1995020433.0,0.15191929646572908,101
w6s_mvar,550x720,2000000000,2005047285.0,0.17526855874608066,101
w6s_mvar,550x720,2010000000,2014998618.0,0.1715295628850243,101
w6s_mvar,550x720,2020000000,2025019950.0,0.15930449524110935,101
w6s_mvar,550x720,2030000000,2034973463.5,0.1599327113011067,100
w6s_mvar,550x720,2040000000,2044989627.0,0.15158885243063905,100
w6s_mvar,550x720,2050000000,2055022007.0,0.15132337975857935,100
w6s_mvar,550x720,2060000000,2064970829.5,0.18974517987392747,100
w6s_mvar,550x720,2070000000,2074996401.0,0.1569315871142168,100
w6s_mvar,550x720,2080000000,2084970690.0,0.17363583352455558,101
w6s_mvar,550x720,2090000000,2095022387.0,0.1440692424864287,101
w6s_mvar,550x720,2100000000,2105014278.0,0.1646333524439647,101
w6s_mvar,550x720,2110000000,2115043453.0,0.1754359622593062,99
w6s_mvar,550x720,2120000000,2124979737.0,0.16577015602971035,100
w6s_mvar,550x720,2130000000,2134969577.5,0.16106041874039628,100
w6s_mvar,550x720,2140000000,2145021262.0,0.16918135938742263,101
w6s_mvar,550x720,2150000000,2155046161.5,0.17869359165810011,100
w6s_mvar,550x720,2160000000,2165029467.5,0.1676933808897135,100
w6s_mvar,550x720,2170000000,2175047878.0,0.17359283996336822,100
w6s_mvar,550x720,2180000000,2185000053.0,0.1730578819102332,100
w6s_mvar,550x720,2190000000,2195004971.5,0.16566856286563564,100
w6s_mvar,550x720,2200000000,2205012750.0,0.1835011200594509,100
w6s_mvar,550x720,2210000000,2215012205.0,0.19393176333317846,100
w6s_mvar,550x720,2220000000,2225032116.5,0.16351078703399088,100
w6s_mvar,550x720,2230000000,2235029498.5,0.16611330525289025,100
w6s_mvar,550x720,2240000000,2245035713.5,0.1648526835006046,100
w6s_mvar,550x720,2250000000,2254987834.0,0.19267911609647792,99
w6s_mvar,550x720,2260000000,2264966539.0,0.19341309288928524,100
w6s_mvar,550x720,2270000000,2274962316.5,0.1941624891700957,100
w6s_mvar,550x720,2280000000,2285021045.0,0.19566765245288847,100
w6s_mvar,550x720,2290000000,2295056720.0,0.1896482627583586,100
w6s_mvar,550x720,2300000000,2303090475.0,0.19218298945343243,61
w6c_mvar,550x720,2300000000,2308613297.0,2.9628847771442666,23
w6c_mvar,550x720,2310000000,2314982793.0,1.4815725575070717,81
w6c_mvar,550x720,2320000000,2324967147.0,1.1908253232156756,80
w6c_mvar,550x720,2330000000,2334996769.0,0.9379589815736997,82
w6c_mvar,550x720,2340000000,2345059358.0,0.7096606323012092,81
w6c_mvar,550x720,2350000000,2355035212.0,0.5344338306175059,81
w6c_mvar,550x720,2360000000,2365060679.0,0.46569765621663756,81
w6c_mvar,550x720,2370000000,2374990408.0,0.369815478928496,81
w6c_mvar,550x720,2380000000,2384968047.5,0.29892314915233675,82
w6c_mvar,550x720,2390000000,2395025604.5,0.3064449053207422,82
w6c_mvar,550x720,2400000000,2404968504.0,0.33623779009204585,81
w6c_mvar,550x720,2410000000,2415009350.0,0.31084534283478754,82
w6c_mvar,550x720,2420000000,2424980411.5,0.3062656891457001,82
w6c_mvar,550x720,2430000000,2435042049.0,0.2957323301146583,83
w6c_mvar,550x720,2440000000,2445040027.5,0.29057648478187637,82
w6c_mvar,550x720,2450000000,2455031257.0,0.2922611727700035,82
w6c_mvar,550x720,2460000000,2465024363.5,0.294749833344047,82
w6c_mvar,550x720,2470000000,2475024208.0,0.3341022751250143,82
w6c_mvar,550x720,2480000000,2485010756.0,0.2502124056444637,82
w6c_mvar,550x720,2490000000,2495029558.0,0.2915823842018075,83
w6c_mvar,550x720,2500000000,2505030996.5,0.2856199291781331,82
w6c_mvar,550x720,2510000000,2515029803.0,0.2663013144324268,83
w6c_mvar,550x720,2520000000,2525025007.0,0.27353527340385353,81
w6c_mvar,550x720,2530000000,2535045481.0,0.30496052336985935,82
w6c_mvar,550x720,2540000000,2544994476.0,0.315593220783846,82
w6c_mvar,550x720,2550000000,2554976952.0,0.27530554537953983,81
w6c_mvar,550x720,2560000000,2564992923.0,0.2834505464937188,83
w6c_mvar,550x720,2570000000,2575029965.0,0.25494264327629335,82
w6c_mvar,550x720,2580000000,2585050221.0,0.26776160872265137,81
w6c_mvar,550x720,2590000000,2595017503.0,0.25833663007105123,82
w6c_mvar,550x720,2600000000,2604935403.0,0.28051130017760184,81
w6c_mvar,550x720,2610000000,2614963731.0,0.27141404469696956,83
w6c_mvar,550x720,2620000000,2625004233.0,0.280352914890296,81
w6c_mvar,550x720,2630000000,2634965561.0,0.27509660708329375,82
w6c_mvar,550x720,2640000000,2644997443.0,0.24337916634489645,82
w6c_mvar,550x720,2650000000,2654983615.0,0.23511030815772982,81
w6c_mvar,550x720,2660000000,2664999667.0,0.2598797268893783,82
w6c_mvar,550x720,2670000000,2675033346.0,0.260175531550978,81
w6c_mvar,550x720,2680000000,2684970309.0,0.26911159709282506,82
w6c_mvar,550x720,2690000000,2694985578.0,0.2785064974916004,81
w6c_mvar,550x720,2700000000,2704955882.0,0.2707094063910531,82
w6c_mvar,550x720,2710000000,2715027755.0,0.23258679130743595,82
w6c_mvar,550x720,2720000000,2725019504.0,0.23392131721511855,81
w6c_mvar,550x720,2730000000,2734968032.0,0.2515455475870041,82
w6c_mvar,550x720,2740000000,2745065329.0,0.24274742239711483,81
w6c_mvar,550x720,2750000000,2755013524.0,0.22758751317026288,82
w6c_mvar,550x720,2760000000,2765039780.0,0.25761633269323536,81
w6c_mvar,550x720,2770000000,2775037477.0,0.22347189467718048,81
w6c_mvar,550x720,2780000000,2785041338.0,0.24207485401072426,81
w6c_mvar,550x720,2790000000,2794992295.0,0.24706943571724432,81
w6c_mvar,550x720,2800000000,2804957381.0,0.26040173734634736,81
w6c_mvar,550x720,2810000000,2815018685.0,0.26474353009020524,81
w6c_mvar,550x720,2820000000,2825023904.0,0.2410427205478226,82
w6c_mvar,550x720,2830000000,2835061510.0,0.22675455234363465,81
w6c_mvar,550x720,2840000000,2845073661.0,0.23244697490729804,81
w6c_mvar,550x720,2850000000,2854987520.5,0.2479630930671569,80
w6c_mvar,550x720,2860000000,2864990055.0,0.24834299574680288,81
w6c_mvar,550x720,2870000000,2875007175.5,0.24513387542792914,80
w6c_mvar,550x720,2880000000,2885014717.0,0.26288326616147095,81
w6c_mvar,550x720,2890000000,2895050200.0,0.24949349469545876,80
w6c_mvar,550x720,2900000000,2904997286.5,0.23428385805726903,80
w6c_mvar,550x720,2910000000,2914957661.0,0.2419553431074592,81
w6c_mvar,550x720,2920000000,2925040777.5,0.24680707271770644,80
w6c_mvar,550x720,2930000000,2935041193.5,0.2702006327334715,80
w6c_mvar,550x720,2940000000,2945026691.0,0.23329070445059977,81
w6c_mvar,550x720,2950000000,2955002296.0,0.24868283703452854,80
w6c_mvar,550x720,2960000000,2964979037.0,0.23424506836253817,81
w6c_mvar,550x720,2970000000,2970415444.0,0.23582345306090924,6
